<?xml version="1.0" encoding="iso-8859-1"?>

<userOverrides>
  <override>
    <path>D:\Google\CBL\gas_meter\code\012d_AG_0513\AT_command.c</path>
    <encoding>System</encoding>
  </override>
  <override>
    <path>D:\Google\CBL\gas_meter\code\012d_AG_0513\Protocol.h</path>
    <encoding>System</encoding>
  </override>
  <override>
    <path>D:\Google\CBL\gas_meter\code\012d_AG_0513\Timer.c</path>
    <encoding>System</encoding>
  </override>
  <override>
    <path>D:\Google\CBL\gas_meter\code\012d_AG_0513\Uart.c</path>
    <encoding>System</encoding>
  </override>
  <override>
    <path>D:\Google\CBL\gas_meter\code\012d_AG_0513\main.c</path>
    <encoding>System</encoding>
  </override>
</userOverrides>


