<?xml version="1.0" encoding="iso-8859-1"?>

<userOverrides>
  <override>
    <path>D:\Google\CBL\gas_meter\code\012d_AG_0511\AT_command.c</path>
    <encoding>System</encoding>
  </override>
  <override>
    <path>D:\Google\CBL\gas_meter\code\012d_AG_0511\Factory.c</path>
    <encoding>System</encoding>
  </override>
  <override>
    <path>D:\Google\CBL\gas_meter\code\012d_AG_0511\Meter_function.c</path>
    <encoding>System</encoding>
  </override>
  <override>
    <path>D:\Google\CBL\gas_meter\code\012d_AG_0511\Protocol.h</path>
    <encoding>System</encoding>
  </override>
  <override>
    <path>D:\Google\CBL\gas_meter\code\012d_AG_0511\Timer.c</path>
    <encoding>System</encoding>
  </override>
  <override>
    <path>D:\Google\CBL\gas_meter\code\012d_AG_0511\Uart.c</path>
    <encoding>System</encoding>
  </override>
  <override>
    <path>D:\Google\CBL\gas_meter\code\012d_AG_0511\main.c</path>
    <encoding>System</encoding>
  </override>
  <override>
    <path>D:\new_sync\gas_meter\code\012d_AG_0511\AT_command.c</path>
    <encoding>System</encoding>
  </override>
  <override>
    <path>D:\new_sync\gas_meter\code\012d_AG_0511\Doc.c</path>
    <encoding>System</encoding>
  </override>
  <override>
    <path>D:\new_sync\gas_meter\code\012d_AG_0511\Extern_Valiable.h</path>
    <encoding>System</encoding>
  </override>
  <override>
    <path>D:\new_sync\gas_meter\code\012d_AG_0511\Factory.c</path>
    <encoding>System</encoding>
  </override>
  <override>
    <path>D:\new_sync\gas_meter\code\012d_AG_0511\GPIO.c</path>
    <encoding>System</encoding>
  </override>
  <override>
    <path>D:\new_sync\gas_meter\code\012d_AG_0511\Memory.c</path>
    <encoding>System</encoding>
  </override>
  <override>
    <path>D:\new_sync\gas_meter\code\012d_AG_0511\Protocol.h</path>
    <encoding>System</encoding>
  </override>
  <override>
    <path>D:\new_sync\gas_meter\code\012d_AG_0511\Struct.h</path>
    <encoding>System</encoding>
  </override>
  <override>
    <path>D:\new_sync\gas_meter\code\012d_AG_0511\Timer.c</path>
    <encoding>System</encoding>
  </override>
  <override>
    <path>D:\new_sync\gas_meter\code\012d_AG_0511\Uart.c</path>
    <encoding>System</encoding>
  </override>
  <override>
    <path>D:\new_sync\gas_meter\code\012d_AG_0511\Valiable.h</path>
    <encoding>System</encoding>
  </override>
  <override>
    <path>D:\new_sync\gas_meter\code\012d_AG_0511\main.c</path>
    <encoding>System</encoding>
  </override>
</userOverrides>


