<?xml version="1.0" encoding="iso-8859-1"?>

<userOverrides>
  <override>
    <path>D:\Work\PRJ_FILES\CBL\gas_meter\code\012e_AG_0518_forB038\AT_command.c</path>
    <encoding>System</encoding>
  </override>
  <override>
    <path>D:\Work\PRJ_FILES\CBL\gas_meter\code\012e_AG_0518_forB038\Valiable.c</path>
    <encoding>System</encoding>
  </override>
  <override>
    <path>D:\Work\PRJ_FILES\CBL\gas_meter\code\012e_AG_0518_forB038\main.c</path>
    <encoding>System</encoding>
  </override>
</userOverrides>


